Competency Code,ID,Name,Type,Family,Definition,Division,IsActive
"TECH-CERT-001","cmhrr6i8a00v2atz0e5hdpjc2","Aircraft Recovery (AR) KIT Management","TECHNICAL","Certification & Compliance","Knowledge and ability to plan, operate and maintain the AR KIT and SOPs in line with OEM requirements and safety procedures. Knowledge of the procedures anf regulatory requirements of aircraft recovery.","Compliance","true"
"TECH-CERT-002","cmhrr6i7100ncatz0zjebme66","Airport Certification Management","TECHNICAL","Certification & Compliance","Knowledge of international and local requirements to achieve a successful airport certification. Ability of populating and preparing the application and procedures required for certification including Aerodrome Manual, Emergency plan, Safety Management system, Security Program, wildlife plan, Maintenance plan, Fire Manual, as well as Driving Certification Process.","Compliance","true"
"TECH-CERT-003","cmhrr6i7l00r3atz0c8hvhoc3","Airport Risk Management","TECHNICAL","Certification & Compliance","Ability to identify and assess the undesired or adverse events that can lead to the occurrence of a hazard. Knowledge of both reactive and proactive methods and techniques for hazard identification. Ability to develop control measures against the identified risks.","Compliance","true"
"TECH-CERT-004","cmhrr6i7800olatz051v46aj6","Audit & Assessment","TECHNICAL","Certification & Compliance","Ability to plan and perform audit activities in all Airport operations in line with PACA and ICAO standards and regulations covering Safety Management Systems, Rescue and Firefighting, Wildlife and Foreign Object Management, Winter operations, Operation in reduced visibility and Runway Incursion Prevention. Ability to carry out investigations and inspections whenever needed and carry out competency assessment of Airport personnel on regular basis.","Compliance","true"
"TECH-CERT-005","cmhrr6i7t00sgatz0a1apblhz","Crisis Management","TECHNICAL","Certification & Compliance","Knowledge of the Emergency guidelines and actions to be taken after a crisis has occurred. Knowledge of the potential impact of various types of crises and how to minimize the scope of damage. Abiliity to prepare an action plan addressing various kinds of crisis in order to minimize the damage.","Compliance","true"
"TECH-CERT-006","cmhrr6i6v00m5atz0cgs3owmn","Knowledge of Regulations(Strategy)","TECHNICAL","Certification & Compliance","Knowledge and understanding of the international standards and regulations of ICAO and PACA, compliance standards and operations, as well as safety and security regulations. Knoweldge and understanding of the Obstacle Limitation Surfaces (OLS)","Strategy and Planing","true"
"TECH-CERT-007","cmhrr6i7f00puatz01atkyytz","Stakeholder Management(C&C)","TECHNICAL","Certification & Compliance","Understanding of the various stakeholders mainly Oman Air, PACA and ROP, involved in airport operations and an ability to liaise with them for auditing and certification procedure, simulations, emergency situations, action planning and training.","Compliance","true"
"TECH-CERT-008","cmhrr6i8000ttatz08qpqvd8j","Standard Operating Procedure (SOP)  Management","TECHNICAL","Certification & Compliance","Ability to examine existing SOPs, identify shortfalls, and develop an action plan. Ability to prepare comprehensive set of SOPs through effective data collection, documentation, developing formats, reviewing the approval process. Ability to identify the requirements and systems needed to ensure that new SOPs are understood and implemented correctly.","Compliance","true"
"TECH-COMM-001","cmhrr6izw056satz0uje0en33","Aviation Industry Knowledge (Commercial)","TECHNICAL","Commercial","It is the understanding of the aviation industry business operations, the internal (knowledge, management, and workforce) and external (economy, competitors, and technology) driving forces, passenger growth, socio-economic factors impacting the aviation industry, and market dynamics. It also includes an overview of the business operations, key cost components, revenue and profitability drivers, and key performance matrices.","Commercial","true"
"TECH-COMM-002","cmhrr6j2p05mtatz0wi25otvy","Billing and Invoicing","TECHNICAL","Commercial","It is the understanding of the billing and invoicing process applicable to various accounts (aero and non aero) at OA. It includes an understanding of the billing terms and conditions, milestones and other applicable KPIs. It also includes an understanding of the MIS covering the billing and collections and an ability to follow up with the customers on payments.","Commercial","true"
"TECH-COMM-003","cmhrr6j2805k5atz0d0mqgabi","Budget Development and Control (Commercial)","TECHNICAL","Commercial","It is the understanding of the process of developing the budgets as well as the ability to develop budgets for the department factoring in both operating expenses and capital expenditures. It also includes the skill of reviewing the budgets at regular intervals to ensure adherence.","Commercial","true"
"TECH-COMM-004","cmhrr6j1i05g4atz02w5w53kl","Business Case Development and Analysis","TECHNICAL","Commercial","It is the ability to prepare a business cases by identifying, sourcing and organizing the information in a logical manner to enhance revenue opportunities. The ability to carry out cost-benefit analysis, including the time value of money, present value concepts, and quantifying tangible and intangible benefits.","Commercial","true"
"TECH-COMM-005","cmhrr6j040583atz0zh0lzc2a","Commercial Acumen","TECHNICAL","Commercial","The ability to identify key cost elements as well as key drivers of costs and revenues, including pricing.  It includes the ability to use this understanding to identify ways to control costs and maximize revenue, to enhance service and organizational profitability. The ability to identify areas of revenue leakage.","Commercial","true"
"TECH-COMM-006","cmhrr6j3n05s1atz04utif7ym","Concession Management","TECHNICAL","Commercial","It is the understanding of aero and non-aero concession segments covering hospitality, retail, services, fuel farm, in-flight catering, ground handling, and cargo handling. It includes an understanding of their revenue/cost structure, operation model, and key performance matrices. It is the ability to manage the service provider and revenue generated from the concession contract to ensure smooth operations for OA.","Commercial","true"
"TECH-COMM-007","cmhrr6j1y05ioatz0kklecc86","Financial Forecasting and Projections","TECHNICAL","Commercial","It is the knowledge of the industry growth drivers including social, economic and demographics. An ability to understand and apply the forecasting tools and techniques and identify trends & to understand the influence of market drivers. It also includes the ability to carry out market research (where required) and track developments impacting the business.","Commercial","true"
"TECH-COMM-008","cmhrr6j0n05b7atz0bqi5858r","Key Account Management","TECHNICAL","Commercial","It is the skill of Identifying opportunities and taking action to build relationships between OA and other internal and external stakeholders to help achieve business goals. It is the ability to source and retain contracts and key accounts (Aero and Non-Aero) through networking, proactive relationship management, understanding customer needs and effective business case presentation.","Commercial","true"
"TECH-COMM-009","cmhrr6j1q05hbatz0p97rs2v5","Market Intelligence","TECHNICAL","Commercial","It is an ability to analyse data from various sources such as business intelligence tools to help OA make informed decisions in relation to passenger movement and buying trends. It is also an ability to interpret trends in aviation, passenger behavior, airline expansion plans, airport service provision, and tourism and ability to relate to  OA business.  It includes the ability to carry out analytics on aero, non aero, and property revenues and align OA strategy to maximize the revenues. .Including any other business relevant information relating to the individual's area of responsibility","Commercial","true"
"TECH-COMM-010","cmhrr6j2h05liatz0d1x6qzru","Parking, Transportation, and Tariff Segment Understanding","TECHNICAL","Commercial","It is an understanding of the operational aspects of the parking area, transportation and tariff segment. It includes an understanding of their revenue/cost structure, operation model, and key performance matrices for all.","Commercial","true"
"TECH-COMM-011","cmhrr6j3d05qmatz0oaaj403n","Pricing Strategy Development","TECHNICAL","Commercial","The ability to design and develop a pricing strategy covering pricing models, profit drivers, customer value, and customer satisfaction. This also includes the ability to prepare pricing recommendations based on analysis of market intelligence that are also in line with the legal and regulatory framework. The ability to monitor and revise pricing strategy, and benchmark them against market trends while supporting OA's business initiatives.","Commercial","true"
"TECH-COMM-012","cmhrr6j0y05cyatz0ky7kz5s1","Property Management","TECHNICAL","Commercial","It is the knowledge of the assets and resources available from OA and the ability to identify the tenancy mix and target tenants and pursue and attract them to invest in the OA real estate (lease from OA). It includes the skill of negotiating the terms and conditions, finalizing lease rentals and the lease agreements. It also includes being in touch with the tenants and addressing their queries/ concerns and grievances relating to property and taking appropriate action to maintain their satisfaction levels. The understanding of prevailing market rates and the ability to set OA's rates in line with market rates.","Commercial","true"
"TECH-COMM-013","cmhrr6j1905epatz0k3coj1e9","Real Estate Development","TECHNICAL","Commercial","It is the ability to understand and implement the real estate master plan for OA and finalizing the model for identifying and attracting potential investors. It includes the skill of preparing a business case for investment and influencing the potential investors.","Commercial","true"
"TECH-COMM-014","cmhrr6j0d059katz06ucwfaok","Route Development","TECHNICAL","Commercial","It is the ability to understand targeted airlines' network strategy, identify potential route targets,  and meet with the decision makers to negotiate contracts. It is an ability to prepare business cases and meet with the relevant stakeholders to influence and negotiate partnerships. It is also an ability to develop and execute marketing campaigns targeting the airlines/ routes and promoting Oman as a destination.","Commercial","true"
"TECH-COMM-015","cmhrr6j2w05nyatz03gdytq0h","Stakeholder Management (Commercial)","TECHNICAL","Commercial","Knowledge and understanding of different stakeholders, their needs, priorities and agenda. It includes actively engaging and partnering with them to achieve a common objective.  The ability to liaise with stakeholders such as PACA, IATA,  ICAO and ROP etc. and utilize market intelligence outputs to draft the documentation and prepare the presentation required for consultation meetings with airlines. The ability to influence the airlines' decision in favor of OA.","Commercial","true"
"TECH-FINA-001","cmhrr6j8606h2atz0w95c2s4f","Accounting Principles & Standards","TECHNICAL","Finance & Procurement","It is the knowledge of accounting concepts and principles such as accounts receivable, accounts payable, cash management, general ledger, fixed assets, budgeting, cost accounting, management accounting, and financial consolidation.  It includes the understanding of accounting standards such as IFRS, GAAP or other similar standards. It is also the skill of preparing financial statements such as balance sheet, income statement, and statement of cash flow.","Finance","true"
"TECH-FINA-002","cmhrr6j8e06ibatz0nymie0mj","Audit & Assurance","TECHNICAL","Finance & Procurement","It is the understanding of the processes and procedures for internal as well as external audits and the requirements for facilitating audits like state audit, ISO audit, internal investigations etc.  It includes the ability to provide high quality audits by evaluating information systems and internal controls, gathering evidence and performing procedures to meet the objectives of audit and assurance engagements.","Finance","true"
"TECH-FINA-003","cmhrr6j8m06jkatz0frbredye","Aviation & Airport Management Services Sector Knowledge (F&P)","TECHNICAL","Finance & Procurement","It is the knowledge and understanding of the aviation and airport management sector business operations, the driving forces, market dynamics including the regulatory framework. It includes gaining an understanding of other competitive markets in GCC / other countries. It also includes an overview of the business operations, key cost components, revenue and profitability drivers and key performance metrics.","Finance","true"
"TECH-FINA-004","cmhrr6ici01g0atz0nwb87xbb","Budget Development and Control","TECHNICAL","Finance & Procurement","It is the understanding of the process of developing the budgets as well as the ability to develop budgets for the organization/unit/division/department factoring in both operating expenses and capital expenditures. It also includes the skill of reviewing the budgets at regular intervals to ensure adherence.","Finance","true"
"TECH-FINA-005","cmhrr6ie701p7atz016mw450e","Contract Dispute Management","TECHNICAL","Finance & Procurement","It is the ability to prevent the occurrence of disputes in a contract due to proactive contract management and the ability to resolve disputes amicably through negotiations, arbitration, mediation or litigation in the interest of the organization's business needs. In case of a dispute, apply thorough analytical and critical thinking skills to determine the root cause, calculate claim and communicate it formally using defined reporting mechanisms.","Finance","true"
"TECH-FINA-006","cmhrr6iej01r1atz0fdtvaodo","Contracting","TECHNICAL","Finance & Procurement","It is the ability to draft and vet contracts as per regulatory and legal frameworks and manage contractors during contract execution.","Finance","true"
"TECH-FINA-007","cmhrr6j7y06fxatz0cq735ncn","Expense Accounting & Payments","TECHNICAL","Finance & Procurement","It is the knowledge of key expenditure classes applicable to OAMC including understanding of the  controls over expenditures and cost control mechanism along with ensuring  payments are processed in line with contractual requirements.","Finance","true"
"TECH-FINA-008","cmhrr6ic701ejatz0sziq9x4x","Finance Strategy","TECHNICAL","Finance & Procurement","It is the understanding of the process of developing a long term, medium term and short term strategy for finance, including its various components like strategic financial decision making framework including investment strategy, investment evaluation, dividend policy, financial planning process, financial policy development and balancing the short term and medium term financial goals.","Finance","true"
"TECH-FINA-009","cmhrr6j8t06klatz0fldymlzu","Financial Operations & Reconciliation","TECHNICAL","Finance & Procurement","It is the understanding and an ability to record financial transactions in Oracle ERP in line with accounting standards. Ability and skill to verify the accuracy of transactions and records by identifying and resolving any irregularities. Knowledge of reconciliation procedures and ability to perform all types of reconciliations and includes the skill of identifying the areas of revenue leakages.","Finance","true"
"TECH-FINA-010","cmhrr6j8z06lmatz0q2cry657","Financial Planning & Forecasting","TECHNICAL","Finance & Procurement","It is the understanding of the principles of financial planning and forecasting and includes the skill to prepare an integrated financial plan for OAMC including developing budgets and forecast scenarios for revenues, cash flow, operating expenses etc. based on OAMC strategy.","Finance","true"
"TECH-FINA-011","cmhrr6j9706mtatz0uk2i63om","Fixed Asset Accounting","TECHNICAL","Finance & Procurement","It is the knowledge of the key factors governing classification of procurements as capital (Capex) and operating (Opex) expenses along with accurate accounting of acquisition, disposals, revaluations and capitalization of assets. It also includes an understanding of various methods of depreciation, rates and the process of calculating depreciation on various asset classes.","Finance","true"
"TECH-FINA-012","cmhrr6j9e06nwatz0mgd933i1","General Ledger & Payroll Accounting","TECHNICAL","Finance & Procurement","It is the knowledge of key adjustments required as part of period end closing process such as provisions, write offs, impairment, fair value adjustments, credit notes, debit notes, accruals and payroll/head count reconciliation.","Finance","true"
"TECH-FINA-013","cmhrr6ic001dkatz0px0rfmdr","Governance 
(Policies & Procedures)","TECHNICAL","Finance & Procurement","It is the knowledge of the OA's policies and procedures along with adequate understanding of the application of policy level directives and following the defined processes and authority (as defined in delegation of authority) to ensure effective system of internal controls","Finance","true"
"TECH-FINA-014","cmhrr6j9s06pyatz0vmdydtix","Insurance Risk Management","TECHNICAL","Finance & Procurement","It is the knowledge of OAMC's risk transfer framework undertaken via insurance. It also includes the knowledge of available insurances coverages and skill of defining risk transfer strategy to optimize the risk exposure and coverage by maintaining active liaison with the insurance provider.","Finance","true"
"TECH-FINA-015","cmhrr6ied01q4atz0el3ltzn1","Legal and Regulatory framework understanding (F&P)","TECHNICAL","Finance & Procurement","It is the understanding of the Omani Tender law, legal and regulatory framework that is relevant to the tendering process in the organization and ensuring economical and ethical use of resources","Finance","true"
"TECH-FINA-016","cmhrr6id501jeatz0sgskm6l7","Performance Reporting","TECHNICAL","Finance & Procurement","It is the skill to prepare various MIS/ financial performance reports that are customized as well as standardized for requirements of internal stakeholders. It is the ability to interpret such reports and share insights on performance of leading and lagging indicators.","Finance","true"
"TECH-FINA-017","cmhrr6idc01kfatz0thtt2lmc","Procurement Planning","TECHNICAL","Finance & Procurement","It is the ability to plan and develop a strategy and budget for procurement of material in line with the specifications of user departments. It also includes the application of design skills, MIS and management reporting for the function including conducting spend analytics to identify any synergistic potential in procurement for strategic procurement decision making.","Finance","true"
"TECH-FINA-018","cmhrr6ja106rdatz00tz0zdbi","Revenue Accounting","TECHNICAL","Finance & Procurement","It is the knowledge of key revenue streams i.e. concession fee, parking fees, hanger fees, passenger handling charges, landing fee, etc. and other key contractual terms and conditions governing revenue. It includes timely invoicing and collections of dues to avoid any cash flow difficulty, delinquent receivables and revenue leakages.","Finance","true"
"TECH-FINA-019","cmhrr6icr01hbatz0qakdrrsd","Risk Management (Financial & Procurement)","TECHNICAL","Finance & Procurement","It is the understanding of the risks including the skill of identifying and evaluating contractual and financial risks, developing the risk treatment strategy and developing and monitoring the financial and contractual risk controls.","Finance","true"
"TECH-FINA-020","cmhrr6idu01n5atz0lz90uvex","Stakeholder Management(Fin & Proc)","TECHNICAL","Finance & Procurement","It is the ability to facilitate respective stakeholders interacting directly with Procurement Department to ensure that procurement process efficiency and effectiveness is maintained in an uncompromising manner without impacting operational continuity and business disruption.","Finance","true"
"TECH-FINA-021","cmhrr6ja706scatz01w9q8tfg","Statutory Reporting","TECHNICAL","Finance & Procurement","It is the understanding of the regulatory requirements, guidelines and the templates for reporting the business performance. It includes the  skill of reporting the financial performance as per the requirements.","Finance","true"
"TECH-FINA-022","cmhrr6jac06t7atz0jj1jse4q","Taxation Management","TECHNICAL","Finance & Procurement","It is the understanding of various direct and indirect Tax Laws and Regulations applicable to the business. It also includes skills in calculating tax liability and tax payable along with calculation of deferred tax liability/ asset. Additionally, it includes the ability to provide insights into the implications of various decision for taxation purposes.","Finance","true"
"TECH-FINA-023","cmhrr6idn01m4atz0hhhjwgb3","Tendering(Finanace)","TECHNICAL","Finance & Procurement","It is the knowledge and understanding of the tendering lifecycle, working with end users to ensure that the materials/services procured are aligned with business needs and within the available budget. It also includes the skill of finalizing the evaluation criterion and negotiation with vendors.","Finance","true"
"TECH-FINA-024","cmhrr6jaj06u6atz0l6si6yfu","Treasury & Banking Operations","TECHNICAL","Finance & Procurement","Knowledge about the optimum investment opportunities of term deposits, key terms and conditions. Skill to forecast the cast flow requirements and identification of risk averse investments in-line with company's strategy, management guidelines and risk appetite. Additionally, knowledge about the various financial/leasing facilities available from various financial institutions along with activation of the exit strategy for various investments.","Finance","true"
"TECH-FINA-026","cmhsw5wfv0019d2e3pa8fyan1","Using IT Applications","TECHNICAL","Finance & Procurement","Ability to use MS office suite of products including MS Office and Visio in day to day work situations and also awareness of planning, budgeting and forecasting software's like Hyperion, Business Objects and Aurora. It also includes the ability to use Oracle financial modules to extract information through queries.","Finance","true"
"TECH-FINA-025","cmhrr6ie001o2atz0fgo2ickj","Vendor Management","TECHNICAL","Finance & Procurement","It is the ability to assess, evaluate and select the right vendors (third-party providers) of materials and services, develop partnership arrangement with key vendors along with supervising day-to-day interactions and managing longer-term relationship in the context of managing organization's costs, mitigate risks and maintaining service excellence.","Finance","true"
"TECH-FIRE-001","cmhrr6if401ueatz0s246j7ro","AFS Personnel Training and Awareness","TECHNICAL","Fire","Ability to equip all levels of AFS personnel with the necessary theory, principles and skills to perform their tasks.  Carryout practical exercises involving pressure-fed fuel fires to give AFS personnel adequate exposure related to aircraft firefighting, fire station management, tactical fire-fighting, fire safety planning, as well as command and control at aircraft crash site to prepare personnel for their roles as senior fire officers.","Operations","true"
"TECH-FIRE-002","cmhrr6iew01t5atz0vfwogjr6","AFS Standard Operating Procedure (SOP)  Management","TECHNICAL","Fire","Ability to examine existing SOPs, identify shortfalls, and develop an action plan. Ability to prepare comprehensive set of SOPs through effective data collection, documentation, developing formats, reviewing the approval process. Ability to identify the requirements and systems needed to ensure that new SOPs are understood and implemented correctly.","Operations","true"
"TECH-FIRE-003","cmhrr6ig101zeatz0z564xo98","Fire and Safety Policy and strategy  planning and risk management","TECHNICAL","Fire","Ability to develop and implement the fire strategy plan in coordination with internal and external stakeholders, and developing the required documentation. Ability to develop and implement Hazard identification process, Safety risk assessment and mitigation process. Carryout  Fire Safety performance monitoring and measurement as well as internal safety investigation. Conducting Fire Training/ education and Fire safety  awarness","Operations","true"
"TECH-FIRE-004","cmhrr6ifb01vlatz0drhhvj8c","Incident Management","TECHNICAL","Fire","Ability to manage all types of incidents and accident in an effective manner.  Ability to set clear and defined objectives to resolve the incident through detailed action plans, and carryout effective communication of action plans with various Agencies. Ability to classify various types of safety-breach incidents according to the 3 levels of commands (Bronze, Silver and Gold) system, and to proceed with the immediate required actions in accordance to each category.","Operations","true"
"TECH-FIRE-005","cmhrr6iep01s0atz0yj8rrt5h","Knowledge of Regulations(Fire)","TECHNICAL","Fire","Knowledge of international and local standards of airport operation and Rescue and Firefighting in accordance with CAR 139, ICAO regulations , Annex 14 - Aerodrome Design and Operations, Airport Service Manual - Annex's (part 1 & 7)","Fire","true"
"TECH-FIRE-006","cmhrr6ifk01wwatz0vtjcq28h","Medical First Aid and Casualty Handling","TECHNICAL","Fire","Understanding and knowledge of First aid procedures to address different types of casualties. Ability to initiate first aid procedures, provide basic medical assistance and  handle causalities so as to avoid  additional suffering and/or injury in the removal of the injured  in an aircraft or airport accident or incident.","Operations","true"
"TECH-FIRE-007","cmhrr6ifs01y3atz08hg54r0k","Rescue and Firefighting Operation","TECHNICAL","Fire","Ability to effectively use the Rescue and Firefighting Equipment (hoses, nozzles, turrets and other appliances required for compliance with ICAO - Annex 14). Ability to use radio communication equipment, proper procedures of radiotelephony communications and basic hand signals. Ability to carryout  search and rescue procedures, in enclosed spaces of an aircraft and areas in the immediate vicinity of an aircraft accident.","Operations","true"
"TECH-HRAD-001","cmhrr6iji02iratz0u9rs95a2","Administration","TECHNICAL","HR & Admin","The ability to plan, direct, or coordinate the administrative services like office facilities management, local/domestic/international travel and logistics, renewal and management of office support services.","Corporate Support","true"
"TECH-HRAD-002","cmhrr6ihr028patz0v62r2svg","Compensation & Rewards","TECHNICAL","HR & Admin","It is the understanding and ability to develop compensation and rewards strategy by applying compensation and total rewards principles. It includes an understanding of employees' salary and grading structure, carrying out benchmarking surveys, establishing the internal pay ranges for various grades, analyzing trends across employee segments and recommending revision of salary scales.","Corporate Support","true"
"TECH-HRAD-003","cmhrr6ij002fratz0resf9334","Employee Engagement","TECHNICAL","HR & Admin","It is the understanding of key engagement drivers at OA and the process and methods of measuring employee engagement.  It includes the skill of identifying and implementing the tools and identifying initiatives that enhance or sustain the employee engagement at OA.","Corporate Support","true"
"TECH-HRAD-004","cmhrr6igq0235atz0es2w5jwz","Employee Relations Management","TECHNICAL","HR & Admin","Ability to manage employee relations activities such as employee joining formalities for local and expatriate employees and updating personnel files. It includes the ability to handle employee queries/grievances/disciplinary action, interpreting and administering contracts and helping resolve work-related problems.","Corporate Support","true"
"TECH-HRAD-005","cmhrr6ijp02k0atz0fz0eqwxc","Fleet Management","TECHNICAL","HR & Admin","The ability to maintain and monitor fleet requirements such as vehicle registration, insurance expiry date, fleet booking… It includes the ability to maintain an updated database to track the required information, action upon it and avoid any fees imposed for late renewal.","Corporate Support","true"
"TECH-HRAD-006","cmhrr6ijx02l9atz0utlnrtkg","Government Relations","TECHNICAL","HR & Admin","The ability to understand and interpret labour laws and  visa-related government processes and the implications to OA. It includes taking relevant steps to ensure OA is compliant at all times.","Corporate Support","true"
"TECH-HRAD-007","cmhrr6igi021uatz00ufow9f7","HR Policies Administration","TECHNICAL","HR & Admin","Understanding of OA HR policies, processes and various  procedures in relation to Omani labour law, processes and procedures  Ability to review, develop, implement, monitor and keep updated Human Resources processes, policies and procedures. It includes implementing the OA policies in a consistent manner across OA.","Corporate Support","true"
"TECH-HRAD-008","cmhrr6iiq02e6atz0ra6oadep","Learning and Development Execution","TECHNICAL","HR & Admin","It is the ability to develop an annual training plan and schedule for OA in line with the training needs analysis. It includes identifying internal and external trainers / training partners, enrollment of participants, organizing trainings as per plan, ensuring training coverage, gathering feedback and documentation.","Corporate Support","true"
"TECH-HRAD-009","cmhrr6iii02cvatz0usvck2q2","Learning and Development Planning","TECHNICAL","HR & Admin","It is an understanding of the technical and leadership / behavioral competency framework and its application in learning and development. It includes the ability to identify and consolidate the learning needs for OA and preparing a plan for executing the organization wide learning needs. It also includes prioritizing learning needs, identifying appropriate channels of learning, implementing and measuring the effectiveness  of learning interventions.","Corporate Support","true"
"TECH-HRAD-010","cmhrr6igz024eatz0m25lpno7","Manpower Planning and Budgeting","TECHNICAL","HR & Admin","It is the ability to develop and align a manpower strategy to overall OA strategy. It includes creation and execution of Omanisation plan and succession planning, identification of positions (new and existing) to be Omanized as well as forecasting the headcount for OA across various departments.","Corporate Support","true"
"TECH-HRAD-011","cmhrr6ig9020latz0wnrotfkt","Payroll Process Management","TECHNICAL","HR & Admin","Understanding of the payroll process, various inputs and its impact on the payroll process. Understanding of employees' salaries, wages, allowances, bonuses, net pay and deductions payable and calculation mechanism medical benefits  and other benefits in line with HR policies and procedures.","Corporate Support","true"
"TECH-HRAD-012","cmhrr6ih7025latz08hf2nuet","Performance Program Management","TECHNICAL","HR & Admin","It is the knowledge and ability to apply goal deployment concepts and methodologies in line with organizational focus areas. Understanding of its linkages with Rewards, Learning and Development and Career Progression. It includes the ability to develop and manage the performance management cycle, internal communication, training / education / coaching of all employees on PMS process.  Ability to understand and align individual performance to company performance, through targets, goals, metrics and behaviors and to monitor performance of individuals in relation to company performance.","Corporate Support","true"
"TECH-HRAD-013","cmhrr6ij702h0atz0u8gaq7jg","Strategic HR","TECHNICAL","HR & Admin","It is the understanding of HR from a macro perspective and how it fits and contributes to the overall success of OA. It includes developing and the skill of implementing HR practices to the Strategy of the company by being innovative, identifying leading trends and forecasting likely scenarios and continually improving processes.  It is the ability to plan medium and long term initiatives and positioning HR as a strategic business partner.","Corporate Support","true"
"TECH-HRAD-014","cmhrr6ihh0274atz0xhnyjgu7","Talent Acquisition","TECHNICAL","HR & Admin","It is an ability to develop a strategy for talent attraction in line with the manpower plans. It includes identifying the sources of talent acquisition, sourcing of candidate profiles, understanding of talent assessment procedures like interviews, tests and final candidate selection.","Corporate Support","true"
"TECH-HRAD-015","cmhrr6ii402amatz09lcdhaf4","Talent Management and Development","TECHNICAL","HR & Admin","Ability to design and implement talent management practices including succession planning, high potential employee identification, leadership development and career planning. It also includes an understanding of competency frameworks, development interventions, methods and tools of assessments, preparation and management of IDPs.","Corporate Support","true"
"TECH-HSE-001","cmhrr6iq003j4atz00ji61qgn","Aviation Regulations","TECHNICAL","HSE","Knowledge of international and local standards of airport operation's safety including  ICAO regulations , Annex 14 - Aerodrome Design and Operations, Annex 19 - Safety Management, CAR 139, OSH 286 and regulations related to environment protection by Ministry of Environment and Climate Affairs. Knowledge of International Aviation bodies such as ACI, IATA...","Operations","true"
"TECH-HSE-002","cmhrr6irh03rzatz0skc2m9yx","Environmental Manual","TECHNICAL","HSE","The knowledge of the various sources of environmental pollution caused by airlines / airports and neighbouring community which results in noise, air, surface water and visual / lightening pollution. Ability to develop SoPs to manage, eliminate or reduce environmental pollution. Ability to develop performance indicators to assess and control environmental pollution and develop mitigation plans.","Operations","true"
"TECH-HSE-003","cmhrr6ir103p9atz0i9udhzjj","HSE Culture","TECHNICAL","HSE","The ability to create an HSE driven culture in OA by engaging with stakeholders to conduct HSE awareness sessions and campaigns to various stakeholders including third party. This also includes conducting mandatory refresher HSE training.","Operations","true"
"TECH-HSE-004","cmhrr6iql03mnatz0t0nv7w35","HSE Monitoring and Inspection","TECHNICAL","HSE","Ability to develop HSE plans aligned with the operational risks identified. It also includes the ability to conduct routine safety monitoring of airside such as runways, taxiways, aprons, and grass areas, terminal and passenger safety such as parking, food, trollies...","Operations","true"
"TECH-HSE-005","cmhrr6iqs03nqatz0egfdkmmi","HSE Risk Assessment","TECHNICAL","HSE","Knowledge of the type of hazards and risks such as runway incursions, adverse weather, FOD to aircraft, major bird strike causing accident, loss of supply of utilities or other major services... The ability to identify and categorize risks. It also includes the skill to evaluate the risk by using the risk assessment tools and techniques and developing mitigation plans.","Operations","true"
"TECH-HSE-006","cmhrr6iqd03lcatz0w4zrdww2","Investigation","TECHNICAL","HSE","The ability to conduct investigations related to HSE incidents, reconstruct the events, gather evidence, root cause analysis and arrive to a conclusion. It also includes the ability to prepare investigation reports and recommend corrective actions.","Operations","true"
"TECH-HSE-007","cmhrr6ira03quatz0h7n6e6gn","Occupational Health Manual","TECHNICAL","HSE","The knowledge of international and local regulations on occupational health hazards. Ability to develop SoPs to manage, eliminate or reduce occupational health hazards on employees such as noise, fumes... Ability to develop performance indicators to assess and control health hazards and develop mitigation plans.","Operations","true"
"TECH-HSE-008","cmhrr6iq603k7atz01gsrm9zo","Report Analysis","TECHNICAL","HSE","Understanding and analysis of HSE daily, monthly, quarterly and annual reports including the classification of HSE violations caused by OA, vendors, airline ground handlers and other stakeholders. It also includes the ability to effectively follow up on the closure of the required actions to be taken.","Operations","true"
"TECH-HSE-009","cmhrr6ipt03i1atz0v27u3dyc","Safety Management System (SMS)","TECHNICAL","HSE","Understanding of SMS Manual including Aviation Safety procedures covering airside and passenger safety. Ability to develop SoPs to manage, eliminate or reduce Aviation Safety risks and maintain safety of employees, stakeholders and operations. Ability to develop performance indicators to assess and control HSE risks associated with airport operations.","Operations","true"
"TECH-ICT-001","cmhrr6j5b0615atz06b9pt1zn","Airport Operational Systems Admin & Support","TECHNICAL","ICT","Airport Operational Systems  Concepts (AMS, FIDS, BRS, CUPPS, etc.)
IATA & ICAO standards
Trouble Shooting","ICT","true"
"TECH-ICT-002","cmhrr6j6o068ratz0lpfdoa1g","Application Lifecycle Management","TECHNICAL","ICT","Requirement Gathering and Analysis
Enterprise Applications Architecture and Concepts
Application Development Technologies and Platform concepts (.NET, Oracle Developer, JAVA, SharePoint, etc. )
Applications testing and QA Techniques","ICT","true"
"TECH-ICT-003","cmhrr6j6u069oatz0hbrsv5sk","Application Testing and Release Management","TECHNICAL","ICT","Application Testing
Change Management
Release Management","ICT","true"
"TECH-ICT-004","cmhrr6j5n0631atz0k3o845sy","Business Applications Administration","TECHNICAL","ICT","Requirement Gathering and Analysis
Enterprise Applications Architecture and Concepts
Applications testing and QA Techniques
Airport Operations Systems Concepts
Application Security concepts
Application Troubleshooting and tuning","ICT","true"
"TECH-ICT-005","cmhrr6j540608atz0jsz737l6","Communications Administration","TECHNICAL","ICT","Communication Concepts ( VHF, UHF, Airband, and TETRA)
Communication  Systems and Devices configuration concepts
IP based TETRA systems 
Communications Systems Design
Trouble Shooting","ICT","true"
"TECH-ICT-006","cmhrr6j63065latz010q9xkfs","Data Center Management","TECHNICAL","ICT","Data Center Access Control Concept
MEP Concepts
Airport Network Topology Understanding","ICT","true"
"TECH-ICT-007","cmhrr6j6z06afatz0o47dnsgd","Database Administration & Design","TECHNICAL","ICT","DB Configuration and Management
Data Modeling Techniques
Data Protection Techniques","ICT","true"
"TECH-ICT-008","cmhrr6j5105zratz0121namnf","Database Management","TECHNICAL","ICT","Idetifies and manage database elements and issues.","ICT","true"
"TECH-ICT-009","cmhrr6j6a066oatz0kvi0leal","Disaster Recovery","TECHNICAL","ICT","IT Systems Availability Concepts
Infrastructure Availability Concepts
Disaster recovery solutions design concepts
Disaster Recovery Plan Development Concepts","ICT","true"
"TECH-ICT-018","cmhsw5wfi000id2e3g660frtv","End User Support","TECHNICAL","ICT","Knowledge of the various applications, and hardware devices used by end users at Oman Airports.  Ability to provide support to end users by gathering information on the incident.  Ability to resolve incidents within the appropriate timeframe and determine follow the correct escalation procedures when needed.","ICT","true"
"TECH-ICT-010","cmhrr6j6g067latz08pu5pgnh","IT Strategy Development and Deployment","TECHNICAL","ICT","IT Strategy Development
IT Policies and Procedures Development
IT Governance and Compliance","ICT","true"
"TECH-ICT-011","cmhrr6j5v064catz0b2tc6t8j","Information Security and Compliance","TECHNICAL","ICT","Information Security Concepts 
Information Security Standards and Governance including backup
MSB (minimum security baselines) Concepts
Airport Security Standards","ICT","true"
"TECH-ICT-019","cmhsw5wfm000rd2e32j9pvfni","Infrastructure Administration","TECHNICAL","ICT","Knowledge of the Oman Airport's operating systems and infrastructure architecture such as data centers, enterprise network infrastructure, firewalls, storage and backup, databases and operating systems, servers and applications. Ability to plan and design infrastructure based on an understanding of Oman airports's business and capacity needs and establish secure, resilient, and robust IT infrastructure systems. Knowledge of storage, backup and recovery procedures.  Knowledge of hardware virtualization concepts, features, benefits, and considerations and types of virtualization.","ICT","true"
"TECH-ICT-017","cmhsw5wcy0000d2e3fdb4jx6a","Innovation and Creativity","TECHNICAL","ICT","Design thinking concept 
new approach in examining problems 
Making researches
exploring the marketbalety of new srvices and products","ICT","true"
"TECH-ICT-012","cmhrr6j4y05zcatz01znhlrcm","Innvation and Creativity","TECHNICAL","ICT","Design thinking concept 
new approach in examining problems 
Making researches
exploring the marketbalety of new srvices and products","ICT","true"
"TECH-ICT-013","cmhrr6j7506b6atz00hu0t54o","L&D Advisory and Partnership","TECHNICAL","ICT","Training needs identification
Training administration
Learning effectiveness.","ICT","true"
"TECH-ICT-014","cmhrr6j4q05y7atz04tl33vtp","Network Administration","TECHNICAL","ICT","Networking Concepts
Networking Devices Configuration concepts
Network Security concepts
Trouble Shooting
Vulnerability Assessment and Threat remediation","ICT","true"
"TECH-ICT-020","cmhsw5wfr0010d2e3ap2x1fi0","Physical Security Systems Admin & Support","TECHNICAL","ICT","Knowledge of the various Physical Security Systems used at the airport. Ability to provide support to end users by gathering information on the incident.  Ability to resolve incidents within the appropriate timeframe and determine if second line support is required.","ICT","true"
"TECH-ICT-015","cmhrr6j6l068catz0uq79mnnp","System Administration","TECHNICAL","ICT","Technical Proficiency, System Maintenance and Support, Security, Troubleshooting and Problem-solving, Documentation and Communication and Automation and Scripting","ICT","true"
"TECH-ICT-016","cmhrr6j5h0624atz0udfe38j8","Telecommunication Administration","TECHNICAL","ICT","Telecommunication Concepts (IP telephony, voice gateways)
Telecommunciation Systems and Devices configuration concepts
IP based telephony systems 
Telecommunications Systems Design
Trouble Shooting","ICT","true"
"TECH-INTE-001","cmhrr6imn030datz01t1z4h71","Administration & Coordination","TECHNICAL","Internal Audit","It is the ability to coordinate departmental activities effectively with internal stakeholders. It includes assisting IA team to schedule meetings and manage internal activities.","Internal Audit","true"
"TECH-INTE-002","cmhrr6ime02z0atz043sec8zd","Audit Execution","TECHNICAL","Internal Audit","The ability to understand the various processes /functions and associated risks, develop audit programs for various processes / functions, understand the operating / work procedures and conduct interviews with process owners. Knowledge of the preventive, detective and corrective controls and the ability to test the effectiveness of those controls. Ability to design and implement effective follow-up mechanisms for audit action plans and recommendations.","Internal Audit","true"
"TECH-INTE-003","cmhrr6iku02q9atz04aqcwsbl","Balance Scorecard Methodology","TECHNICAL","Internal Audit","Knowledge of the Balance Scorecard methodology. The ability to apply Balance Scorecard technique to evaluate the performance of the Internal Audit department and review the application of Balance Scorecard to meet OA's vision and strategic objectives.","Internal Audit","true"
"TECH-INTE-004","cmhrr6ikk02oqatz0dypo2pwk","Business Process Understanding","TECHNICAL","Internal Audit","Understanding Airport business operations, OA's operating model and processes. It includes using tools such as six sigma, Swim Lane Diagrams, MS Visio applying techniques for business process improvement and documentation.","Internal Audit","true"
"TECH-INTE-005","cmhrr6in2032jatz005185gs7","Collaboration and Cooperation (Team Capabilities)","TECHNICAL","Internal Audit","A willingness and eagerness to build strong working relationship by collaborating with teams and contributing towards the achievement of a common objective. It includes taking ownership of own task and also supporting others in achieving their tasks","Internal Audit","true"
"TECH-INTE-006","cmhrr6ilw02w6atz0k3x6bs8b","Computer Assisted Auditing Techniques","TECHNICAL","Internal Audit","The ability to use computer assisted auditing tools such Microsoft office and extraction software. This includes the ability to maintain adequate documentation and supporting evidences using the computer assisted auditing tools.","Internal Audit","true"
"TECH-INTE-007","cmhrr6imu031eatz0m39w9jm2","Conflict Management","TECHNICAL","Internal Audit","The ability to identify potential conflict, successfully mediate conflict, confrontations or disagreements between individuals and groups and find a common ground with minimum negative impact.","Internal Audit","true"
"TECH-INTE-008","cmhrr6ilh02tuatz05ts1pyzz","Data Collection and Analysis","TECHNICAL","Internal Audit","The ability to collect data from various relevant sources, sample and analyze audit data trends, correlation, deviation, gaps, average... to report exceptions. It includes the ability to use data mining and analysis tools such as Excel and other applications and apply sampling techniques effectively. It also includes the ability to apply statistical methodology such regression analysis and use benchmarking data adequately.","Internal Audit","true"
"TECH-INTE-009","cmhrr6ike02nratz0t6c6r9qr","Forecasting","TECHNICAL","Internal Audit","The knowledge and ability to review management forecast and predictions. It includes reviewing assumptions and adequacy of various forecasting techniques adopted considering the nature of forecast.","Internal Audit","true"
"TECH-INTE-010","cmhrr6im602xpatz09ht7c1sr","Fraud Investigation","TECHNICAL","Internal Audit","The ability to identify the potential risks associated with various processes and validate the data to check for threats / fraud. It includes the ability to carry out investigations on potential fraud/ threats, carry out special reviews, reconstruct the events and gather evidence to arrive at a conclusion. It is also the understanding of whistle-blowing concepts and techniques and litigation and restructuring process.","Internal Audit","true"
"TECH-INTE-011","cmhrr6il902snatz0g31j5wxf","Governance Risk and Control","TECHNICAL","Internal Audit","Understanding of different auditing standards implemented at OA and in compliance with government requirements and applicable laws. It includes the understanding of the various frameworks and the relevant standards such as IIA, IPPF, ISO, COSO, TQM... Knowledge of and ability to interpret and apply relevant auditing standards, leading practices and methodologies.","Internal Audit","true"
"TECH-INTE-012","cmhrr6ilo02v1atz0stmlrf7g","Information System Audit","TECHNICAL","Internal Audit","Understanding of the ERP application system implemented at OA, the architecture and various modules actively used. The ability to understand the process as they are configured in the application and the controls associated with those processes. Understand the segregation of duties (SoD) matrix and ensure the ERP system is aligned to the SoD matrix. The ability to identify the risks and assess the impact and likelihood of occurrence.","Internal Audit","true"
"TECH-INTE-013","cmhrr6ik702mqatz0uzq3luup","Operational and Management Research","TECHNICAL","Internal Audit","The knowledge of principles, methods, and techniques used to conduct a systematic and objective research; including data collection, analysis and interpretation of data; and the reporting of results.","Internal Audit","true"
"TECH-LEGA-001","cmhrr6iac014vatz08bj5nm7z","Alternative Dispute Resolution","TECHNICAL","Legal & Regulatory","It is the ability to preempt and prevent the occurrence of legal actions / law suits in a contract and resolve the disputes amicably through negotiations, conciliation, settlements or arbitration in the interest of OA's business needs. It is an ability to discuss and convince two-party/multi-party via negotiations  to take appropriate action and reach a mutually satisfactory agreement.","Corporate Support","true"
"TECH-LEGA-002","cmhrr6i9900ztatz0a192x3qq","Corporate Governance","TECHNICAL","Legal & Regulatory","It is the understanding of OA's corporate governance standards including establishing an awareness of different types of stakeholders and their interests. It is the awareness and an understanding of the corporate governance policies and procedures at OA. It includes the skill of drafting as well as reviewing the policies and procedures from an adequacy and effectiveness standpoint.","Corporate Support","true"
"TECH-LEGA-003","cmhrr6i9t012datz0m11jq60r","Documentation and Archiving Legal","TECHNICAL","Legal & Regulatory","It is the skill of maintaining adequate legal documentation and evidences that cover the legal risks of OA. It is the skill of archiving the documents while protecting the confidentiality, integrity and reliability of the legal documents.","Corporate Support","true"
"TECH-LEGA-004","cmhrr6i8i00w5atz02f79j26e","Internal and External Stakeholder Management","TECHNICAL","Legal & Regulatory","The understanding of various internal (such as  PACA, Oman air, ISS, ROP (Security), Ground-handler, all OA departments, and concession providers)  and external (such as MOF, MOTC, MOLA, MOCI, SAI, ROP and Muscat Municipality) stakeholders, their needs, priorities and agenda. It includes actively engaging and partnering with them to achieve a common objective.","Corporate Support","true"
"TECH-LEGA-005","cmhrr6ibo01bratz04aa0d592","Legal Advisory","TECHNICAL","Legal & Regulatory","It is the skill of conducting research, understand, interpret and apply relevant laws and regulations (such as tendering law, commercial companies law, civil law, criminal law, contract law etc.) and provide legal opinions in the interest of OA. It is also an ability to safeguard the OA's legal interest in all related activities.","Corporate Support","true"
"TECH-LEGA-006","cmhrr6ib0018batz0c6thqrjb","Legal Drafting and Review","TECHNICAL","Legal & Regulatory","The ability to draft legal documents such as contracts, agreements, polices, memos, submissions etc. that are in line with local and international laws and regulations and in a manner that protects OA's legal interests. The ability to review legal documents to ensure that the language and the legal risks are in compliance with the local and international legal and regulatory framework. It also includes managing the contracts/ agreements / MoUs and address any clarifications during the contract execution period.","Corporate Support","true"
"TECH-LEGA-007","cmhrr6iap016satz0gwkzqggy","Legal Process Design","TECHNICAL","Legal & Regulatory","The ability to design the internal legal processes and SOPs covering legal risk management, templates for legal documents, document review, contract management, documentation and archiving. It includes an ability to incorporate industry leading practices and design effective legal processes at OA.","Corporate Support","true"
"TECH-LEGA-008","cmhrr6i8s00xiatz0w22a4suk","Legal Risk Management","TECHNICAL","Legal & Regulatory","It is the understand of legal risks including identifying, analyzing, assessing, prioritizing, and mitigating the and developing a legal risk treatment strategy. It includes creating an awareness amongst the internal stakeholders on the legal risks and a culture of identifying and mitigating legal risks.","Corporate Support","true"
"TECH-LEGA-009","cmhrr6ia2013matz06mhp1d97","Legal and Regulatory Framework Understanding","TECHNICAL","Legal & Regulatory","It is the knowledge and understanding of the local and international legal and regulatory framework governing the operations of OA including applicable aviation related laws and regulations such as PACA, ICAO, IATA, and ACI etc..","Corporate Support","true"
"TECH-LEGA-010","cmhrr6ibb019yatz0o0tg2lwx","Litigation","TECHNICAL","Legal & Regulatory","The ability to conduct legal action (such as lawsuit, legal dispute, legal case etc.), understand the litigation process and methods leading to the resolution of the legal action in line with the local/international legal action process.  Add intent related behaviors at level  3 and 4","Corporate Support","true"
"TECH-LEGA-011","cmhrr6i9k011catz0zanh9gqz","Translation","TECHNICAL","Legal & Regulatory","The skill of translating legal documents from the English Language to the Arabic Language and vis versa, while maintaining the legal integrity of the document. It includes the skill of proof reading legal documents and generating error free documents.","Corporate Support","true"
"TECH-MAIN-001","cmhrr6inj0353atz06u1k3zi1","FM  Planning","TECHNICAL","Maintenance","It is the ability to plan, inspect and carry out maintenance of the airport facilities, waste management, pest control, landscaping, facad and roof top cleaning in line with international standards. It includes managing the facilities in a sustainable manner.","Technical Services","true"
"TECH-MAIN-002","cmhrr6inc0344atz03cqmdwk8","Quality Management","TECHNICAL","Maintenance","Knowledge of the principles, methods, and tools of quality assurance and quality inspection used to ensure the performed maintenance meets the quality standards required.","Technical Services","true"
"TECH-MEDI-001","cmhrr6ipn03h2atz0i1yequvm","Aviation Sector Understanding","TECHNICAL","Media","It is the knowledge and understanding of the aviation sector business operations, the driving forces, market dynamics including the regulatory requirements. Understanding of other competitive markets in GCC / other countries and best practices. It also includes an overview of the business operations, key cost components, revenue and profitability drivers and key performance metrics.","Corporate Support","true"
"TECH-MEDI-002","cmhrr6ioy03d1atz09al6gxso","Branding","TECHNICAL","Media","Ability to assess, position and maintain the OA's brand among internal stakeholders as well as outside the organization. It is an ability to establish a significant and differentiated presence for OA and position OA as a world class organization. It is the ability to plan and execute successful and impactful sponsorship programs with clear and defined goals.","Corporate Support","true"
"TECH-MEDI-003","cmhrr6iop03bkatz0r09z58gc","Business Communication","TECHNICAL","Media","Ability to communicate effectively for OA's business purpose to internal and external stakeholders through media such as print, Internet, radio, television, word-of-mouth, alternative media, etc. by using skills such as editorial, copywriting, business writing, translations and public speaking. It also includes the skill of drafting and reviewing the press releases in line with internal guidelines.","Corporate Support","true"
"TECH-MEDI-004","cmhrr6io0037latz0wxv9g7h5","Campaign Management","TECHNICAL","Media","Ability to plan and execute campaigns leading to benefits internally or externally for OA. It includes identification of key messages, communication vehicles, stakeholders, branding and collateral management. Clearly and completely define the Target-Audience and develop campaign’s content appropriate for the Target-Audience.","Corporate Support","true"
"TECH-MEDI-005","cmhrr6inr036catz0zyjnzbxx","Corporate Communication Strategy","TECHNICAL","Media","Plan, develop and manage an integrated and effective corporate communications strategy for OA. Communicate a cohesive, credible and positive image of OA and its services to internal and external stakeholders such as employees, media, channel partners and the general public. Ability to maintain adequate preparation time for scheduled events/deadlines and develop schedules and timetables with clear, specific milestones and deadlines in collaboration with OA's different stakeholders. Ability to identify critical tasks and priorities systematically, monitor and adjust priorities and/or eliminate tasks on an on-going basis, as well as evaluating results.","Corporate Support","true"
"TECH-MEDI-006","cmhrr6ip603eaatz0q3ga2kit","Crisis Communication Management","TECHNICAL","Media","The ability to develop and implement a Crises Management Plan that holds the lists of key contact information, reminders of what should be done in a crisis, and forms to be used to document the crisis response. Ability to manage the perceptions arising out of the occurrence of unpredictable events that impact an organization's performance and its reputation among internal and external stakeholders.","Corporate Support","true"
"TECH-MEDI-007","cmhrr6ipe03fnatz0a355z1i9","Digital Media Management","TECHNICAL","Media","Ability to populate OA’s websites and Social Media platforms with up-to-date and engaging content in coordination with different internal and external stakeholders.  Ability to optimize search engine and maximize traffic to websites and Social Media Platforms. Ability to carry out an ongoing review of OA’s websites and Social Media Platforms making recommendations to improve accessibility and navigation.  Ability to facilitate online conversations with customers and respond to queries, and report online reviews and feedback from customers.  Ability to develop an optimal posting schedule, considering web traffic and customer engagement levels. Ability to use MS office suite of products in day to day work situations and also awareness of design software such as Adobe Photoshop. It also includes the ability to use Web publishing and graphic design for use in Corporate Communication material.","Corporate Support","true"
"TECH-MEDI-008","cmhrr6ioh03adatz0v2dhbeu7","External Communication","TECHNICAL","Media","Ability to plan, develop, and execute external communications, leveraging diverse media (e.g., print, radio, television, sponsorships and events), to facilitate and enable communication between OA and its external stakeholders such as customers & partners, while ensuring optimal returns on investment. It also includes building relationships with various media agencies and vehicles to ensure timely coverage of OA's developments.","Corporate Support","true"
"TECH-MEDI-009","cmhrr6io90396atz08i29k8yh","Internal Communication","TECHNICAL","Media","Ability to plan, develop, and execute internal communications by leveraging diverse media, to facilitate and enable communication between the company's internal stakeholders, primarily its employees. Ensure organizational initiatives and projects are successfully communicated to employees. Storyboard or translate ideas / organizational initiatives to the creative team of art directors / designers / design agencies.","Corporate Support","true"
"TECH-OPER-001","cmhrr6itm045eatz0lxvmdphl","Airfield Operations and Safety","TECHNICAL","Operations","Understanding of the ICAO Standards and recommendations (An 14, Doc 9137, Doc 9157, Doc 9859 etc.), national Regulations (CAR 139), airfield operations, layout and plan, inspection processes, different stakeholders and their roles and responsibilities and applicable regulations. It includes the knowledge of HSE policies,  processes and procedures as per the applicable HSE standards, safety requirements and regulations governing the safety of the airport as well as the reporting mechanism for any discrepancy/ hazard/ FODs.","Operations","true"
"TECH-OPER-002","cmhrr6ism03z4atz0pbs0u90g","Airport Operations Process Understanding","TECHNICAL","Operations","It is the knowledge of various airport operations processes covering terminal, ground handling, baggage handling, airfield operations, maintenance, HSE, AFS, airport systems and airline processes like flight planning, landing, dispatch, operations control etc. It includes understanding the operations in an integrated manner and an understanding of the interdependencies between different departments. It also includes an awareness of internal and external stakeholders involved in different processes.","Operations","true"
"TECH-OPER-003","cmhrr6iub049catz0o8wgxg0r","Airport Resources Management (AOC)","TECHNICAL","Operations","It is the understanding of various airport resources like stands, gates, check-in counters, baggage carousels and an ability to utilize them in an efficient and optimum manner. It includes an understanding of the AOC SOPs and the skill of applying them in day to day operations while ensuring safety. It includes  making the resources available and allocating them in a timely and efficient manner and planning for alternatives in case of contingencies  as well as an understanding of the impact of revenue.","Operations","true"
"TECH-OPER-004","cmhrr6iro03t4atz02ebpi9xo","Baggage Handling Operations","TECHNICAL","Operations","Knowledge and understanding of the baggage handling standards and relevant codes (like IATA Tagging Formats, RFID reading, TSA). Understands the process of baggage handling including those for arrival, departure and transfer. Understands the various stakeholders involved and their role. Also it includes an understanding of the impact of baggage handling on the passenger experience. Knowledge and understanding of the SOP's of Baggage Handling System to minimize the operational impact to the delivery of baggage.","Operations","true"
"TECH-OPER-005","cmhrr6irw03ulatz0kjjvrh4r","Baggage Handling System Operations & Maintenance","TECHNICAL","Operations","Knowledge and understanding of the standard operating procedures of the baggage handling systems as per OEM requirements. It includes planning and adhering to the planned maintenance requirements by OEM. It also includes the skill of operating the baggage handling systems in a safe and secure manner.","Operations","true"
"TECH-OPER-006","cmhrr6ium04b9atz0bzqmrbq3","Capacity Analysis and Planning","TECHNICAL","Operations","It is the ability to analyze the schedule and actual operations data, passengers growth and volumes, cargo volume and baggage's handled to optimize the airport terminal capacity in the short term and medium term. It includes an understanding of the pre planning process and also the skill of preparing the plan ahead of the peak season. It covers the ways and means of maximizing the utilization of airport terminals, identifying resource constraints, bottlenecks and planning airport capacity to meet future demand.","Operations","true"
"TECH-OPER-007","cmhrr6isv040natz05y2jsuno","Coordination & AOC Operations","TECHNICAL","Operations","It is the ability to understand, interpret and communicate using ATC phraseology to communicate with the ATC, Airlines and Ground Handlers. It includes the skill of anticipating bottlenecks  in light of the airline schedule and availability of airport  resources. It covers the skill of sharing the right information with the right team at the right time and an ability to clear the flights in a safe manner. It also includes the ability to effectively address  the stakeholder requests or requirements during the operations.","Operations","true"
"TECH-OPER-008","cmhrr6itd043xatz0ioswv332","Customer Experience","TECHNICAL","Operations","Knowledge and understanding of the customer experience impacting processes and facilities like parking, check-in counters, baggage check-in or collection, baggage screening, customs, duty free shops, restaurants/cafe, commercial activities and medical emergencies. It includes the ability to continuously improve these processes to enhance customer experience. It also includes being sensitive to the needs and requests  of the customers, addressing their complaints / feedback and possessing a service mindset to effectively address such requests.","Operations","true"
"TECH-OPER-009","cmhrr6it4042catz0nmpmojpq","Manpower Resources Management","TECHNICAL","Operations","Understanding of the manpower requirements at the terminal / airfield / airport and effectively planning for the availability of such resources. Ability to utilize the available resources including allocation and re-allocation, rostering and scheduling the manpower by balancing between cost and efficiency.","Operations","true"
"TECH-OPER-010","cmhrr6isd03xlatz0k07dddr0","Terminal Facilities Management","TECHNICAL","Operations","Knowledge and understanding of the repair and maintenance of the facilities and equipment used in the efficient operations of the terminal and adherence to their maintenance schedule. It includes the identification of any gaps and taking corrective actions.","Operations","true"
"TECH-OPER-011","cmhrr6is403w0atz0a2tx93hq","Terminal Operations","TECHNICAL","Operations","Knowledge of ICAO Annex 9 standards and recommendations and Understanding of the terminal operations, layout and plan, different stakeholders and their roles and responsibilities and applicable regulations. It includes the knowledge of HSE policies,  processes and procedures as per the applicable HSE standards, safety requirements and regulations governing the safety of the airport.","Operations","true"
"TECH-OPER-012","cmhrr6iu1047ratz0r1tpvzji","Wildlife Hazard Management","TECHNICAL","Operations","Knowledge and an understanding of ICAO Standards and recommendations in An 14, Doc 9137-Part 3, the wildlife trends and patterns impacting various airports under OA and developing a strategy to assess and mitigate the hazards arising from wildlife. It includes analyzing survey results, investigating incidents and taking preventive actions. It also includes the ability to develop and implement a reporting mechanism for wildlife.","Operations","true"
"TECH-QUAL-001","cmhrr6iuw04cuatz03c2szmk7","Process Improvements","TECHNICAL","Quality","It is the ability to understanding the business processes, benchmark against leading practices, identify gaps and work with process owners to address the process gaps. It also includes the skill of measuring the performance of the process over time.","Corporate Planning","true"
"TECH-QUAL-002","cmhrr6iv304e3atz0wxr4evr7","Quality Certifications Management","TECHNICAL","Quality","It is the identification and understanding of quality management standards aligned with OA business objectives, preparing a roadmap for their implementation and the skill of institutionalizing such standards in OA. It includes monitoring and reporting the progress on implementation of quality standards.","Corporate Planning","true"
"TECH-QUAL-003","cmhrr6ivc04fiatz0bhcr9db1","Quality Culture","TECHNICAL","Quality","It is the ability to create a culture of quality management at OA by working closely with stakeholders, creating awareness programs, communication and undertaking OA wide initiatives leading to enhanced understanding of quality and related processes.","Corporate Planning","true"
"TECH-SECU-001","cmhrr6iw104jfatz09hv0uu23","Airport Security Programme (ASP) Management","TECHNICAL","Security","Understand the ICAO requirements of ASP and an ability to develop, review and implement the Airport Security Plan (ASP). It also includes assigning roles and responsibilities, developing the plan, revising, implementing and training of stakeholders.","Operations","true"
"TECH-SECU-002","cmhrr6ivm04h1atz0adk6dkad","Knowledge of Regulations(Security)","TECHNICAL","Security","Knowledge and understanding of the international standards and recommended practices of ICAO Regulations  (Annex 17, Annex 9)  and the  detailed procedures, guidance, and security measures included in the Aviation Security Manual (Doc 8973- Restricted), National Civil Aviation Security Programmes and Airport Security Programmes.","Operations","true"
"TECH-SECU-003","cmhrr6iwh04lzatz0ihnh0uux","Security Culture","TECHNICAL","Security","Ability to reinforce a strong Security culture through awareness,  alertness to security risks and public engagement. Ability to equip all levels of Security personnel with the necessary theory, principles and skills to perform their tasks.  Carryout practical exercises involving security personnel and all relevant stakeholders. Conducting Training, education and Security communication.","Operations","true"
"TECH-SECU-004","cmhrr6iw804kmatz0vbtuz1y0","Stakeholder Management (Ops Security)","TECHNICAL","Security","Understanding the needs and requirements of various internal and external stakeholders including RoP, PACA, Oman Air, HSE, AFS etc. Ability to liaise with them for implementation of international security & facilitation laws, policies and controls, emergency situations, risks and threats. Periodically review the gaps in process implementation and sensitize them on any improvement opportunities. Performing all security activities with different internal and external stakeholders with high level of customer service.","Operations","true"
"TECH-SECU-005","cmhrr6ivt04i6atz0s03bdkn6","Standard Operating Procedure (SOP) Development","TECHNICAL","Security","Ability to develop Security related Standard Operating Procedures (SOPs) and processes in line with ICAO standards and regulatory requirements of PACA. Ability to transfer knowledge to other stakeholders on SOPs, policy and procedures, and other related fields. Includes the ability to review the SOPs periodically and revise them to ensure optimum security at all times.","Operations","true"
"TECH-STRA-001","cmhrr6j7r06esatz071d9qwim","Enterprise Risk Management","TECHNICAL","Strategy","It is the understanding of the concepts and frameworks related to enterprise risk management. It includes the ability to identify the strategic risks to OA, develop a risk treatment plan and devise a risk mitigation strategy.","Strategy and Planing","true"
"TECH-STRA-002","cmhrr6j9l06ozatz0lzbx5rep","Governance (Policies & Procedures)","TECHNICAL","Strategy","It is the knowledge of the OAMC's policies and procedures along with adequate understanding of the application of policy level directives and following the defined processes and authority (as defined in delegation of authority) to ensure effective system of internal controls.","Strategy and Planing","true"
"TECH-TECH-001","cmhrr6ixx04upatz05m36q1vj","Airport Operations and Safety","TECHNICAL","Technical Services","Understanding of the airport operations, airport layout and plan, different stakeholders and their roles and responsibilities and applicable regulations. It includes Knowledge of HSE policies,  processes and procedures as per the applicable HSE standards.","Technical Services","true"
"TECH-TECH-002","cmhrr6ix504pzatz0t73cdle5","Airport Systems Engineering Principle and Application","TECHNICAL","Technical Services","Knowledge of the concepts, principles, theories, and methods related to the system maintenance of AGL, Passenger Boarding Bridges, Visual Docking Guidance, Apron Flood Lighting, Ground Power Unit, Pre-conditioned Air, Vertical and Horizontal Travellators","Technical Services","true"
"TECH-TECH-003","cmhrr6iyu0506atz0tvx2ah0s","Asset Information Management","TECHNICAL","Technical Services","Ability to define asset information standards and management processes and procedures and asset management reporting mechanism.  It includes the ability to specify and integrate Asset Management IT Systems to provide accurate information on the asset condition, performance and physical location. It also includes maintaining the ongoing integrity and quality of asset data and information.","Technical Services","true"
"TECH-TECH-004","cmhrr6iz3051vatz0064q3cy4","Asset Performance Monitoring","TECHNICAL","Technical Services","It is the ability to define the asset performance standards across the asset portfolio of OA while ensuring alignment with AM policies and procedures. It includes monitoring and reviewing the asset conditions and an ability to carry out root cause analysis for asset defects and failures.","Technical Services","true"
"TECH-TECH-005","cmhrr6ix104p8atz0b9ue5z73","Civil Engineering Principle and Application","TECHNICAL","Technical Services","Knowledge of the concepts, principles, theories, and methods related to airfield and landside civil infrastructure maintenance of airport buildings, runways, taxiways and aprons.","Technical Services","true"
"TECH-TECH-006","cmhrr6izm0553atz0uonrold2","Contract Management & Vendor Performance Management","TECHNICAL","Technical Services","It is the ability to assess, evaluate and select the right vendors (third-party providers) of materials and services. It includes an ability to set performance standards/ SLA in medium / long term contracts, managing key relationships and ensuring vendors meet the contractual obligations. It also includes managing OA's costs, mitigate risks and maintaining service excellence.","Technical Services","true"
"TECH-TECH-007","cmhrr6iyn04yzatz0lx6d5x2r","Documentation and Archiving","TECHNICAL","Technical Services","It is the ability to maintain adequate documentation. It is the ability to effectively archive the relevant documentation and maintain the confidentiality, integrity and reliability of the  documentation. It is the knowledge of quality standards and frameworks such as ISO 9001 (Quality Management System) and the ability to conduct quality reviews on the documentations","Technical Services","true"
"TECH-TECH-008","cmhrr6iwu04o1atz0780v4l8s","Electrical and Instruments Engineering Principle and Application","TECHNICAL","Technical Services","Knowledge of electrical equipment, components, instruments, including their design, installation, testing, uses, calibration, repair, or maintenance. Ability to apply the electrical and instruments engineering techniques when conducting maintenance on instruments associated with the airport operations.","Technical Services","true"
"TECH-TECH-009","cmhrr6ixg04rtatz03ycmfpa0","Equipment and System Usage","TECHNICAL","Technical Services","Ability to select, operate and use the correct equipment, tools, instruments or systems while undertaking maintenance. Ability to identify failure of equipment, tools, instruments or systems and when maintenance is required. Ability to produce Risk Assessments report associated with the use of the equipment's.","Technical Services","true"
"TECH-TECH-010","cmhrr6ixb04qwatz0367bmzn7","Maintenance Planning","TECHNICAL","Technical Services","Ability to plan and develop preventive maintenance schedule by organizing work, setting priorities, determining resource requirements. It includes the ability to balance between operational priorities and those of maintenance by effective stakeholder management and resource allocation. Understanding the impact of shut-down on airport operations.","Technical Services","true"
"TECH-TECH-011","cmhrr6iy504vyatz0c8wj7qed","Mechanical Engineering Principle and Application","TECHNICAL","Technical Services","Knowledge of concepts, principles and techniques related to installation, maintenance, operations, repair or maintenance of mechanical equipment systems","Technical Services","true"
"TECH-TECH-012","cmhrr6ixp04t8atz07lxb7x39","Preventive and Corrective Maintenance","TECHNICAL","Technical Services","Ability to execute the work order by troubleshooting equipment, instrument or systems, identify failure and defects, conduct root cause analysis to identify the problem and take corrective  and/or preventative action as required within the defined time frame.","Technical Services","true"
"TECH-TECH-013","cmhrr6iwo04n2atz0uqr7sje0","Quality Management - TS","TECHNICAL","Technical Services","Knowledge of the principles, methods, and tools of quality assurance and quality inspection used to ensure the performed maintenance meets the quality standards required.","Technical Services","true"
"TECH-TECH-014","cmhrr6izd053katz0p139910y","Technical Specifications Design","TECHNICAL","Technical Services","The ability to assess OA needs of capacity growth and expansion across various airports and develop detailed and standardized designs and technical specifications to optimize the cost of acquisition. It includes working with internal stakeholders to finalize the technical specifications.","Technical Services","true"
"NON_-ANAL-001","cmhrr6i4s008katz017yezlmp","Analytical Thinking","NON_TECHNICAL","Analytical & Decision-Making","The ability to process large amounts of information in a logical manner, establish connections, cause-and-effect relationships and patterns to address a challenging situation or an issue. includes Integrating theories in practice when addressing challenging situations.","All Divisions","true"
"NON_-ANAL-002","cmhrr6i6200gnatz08p9azgrn","Innovation and Continuous Improvement","NON_TECHNICAL","Analytical & Decision-Making","Challenging the conventional way of doing things, generating new, innovative ideas, products / services and effective solutions which continually improve performance.","All Divisions","true"
"NON_-ANAL-003","cmhrr6i4y009jatz06yafwx9s","Problem Solving","NON_TECHNICAL","Analytical & Decision-Making","The ability to break down a problem or situation into small components, study it from multiple perspectives, anticipate possible obstacles and identify key actions to solve the problem.","All Divisions","true"
"NON_-BUSI-001","cmhrr6j4605v3atz0ko2j1isw","Business Acumen","NON_TECHNICAL","Business Support","It is the ability to interpret market trends to help the organization utilize resources effectively to deliver business results. It is also the understanding of the principles of financial management and the ability to use them to achieve business goals and objectives. It is the ability to prepare a business cases by identifying, sourcing and organizing the information in a logical manner to enhance revenue opportunities. The ability to carry out cost-benefit analysis, including the time value of money, present value concepts, and quantifying tangible and intangible benefits.","All Divisions","true"
"NON_-BUSI-002","cmhrr6j3605pjatz0i0ijohxs","Business Performance Reporting","NON_TECHNICAL","Business Support","It is the skill to prepare various MIS/ financial performance reports that are customized as well as standardized for requirements of internal stakeholders. The ability to present those reports to stakeholders. It is also the ability to interpret such reports and share insights on performance of leading and lagging indicators.","All Divisions","true"
"NON_-BUSI-003","cmhrr6i3o001latz0jbfjr29m","Drive for Results","NON_TECHNICAL","Business Support","The ability to drive self and team to achieve higher performance standards of excellence, by establishing stretch performance goals and plan and direct the resources to meet those goals.","All Divisions","true"
"NON_-BUSI-004","cmhrr6j4i05wwatz0wgwf4aph","Industry knowledge","NON_TECHNICAL","Business Support","It is the understanding of the aviation industry business operations, the internal (knowledge, management, and workforce) and external (economy, competitors, and technology) driving forces, passenger growth, socio-economic factors impacting the aviation industry, and market dynamics. It also includes an overview of the business operations, key cost components, revenue and profitability drivers, and key performance matrices.","All Divisions","true"
"NON_-BUSI-005","cmhrr6iyg04xsatz0vf7lg2ce","Inventory Management","NON_TECHNICAL","Business Support","The ability to plan, forecast and manage the organization's inventory to ensure availability of material, optimized stock holdings and catalogued inventory records.","All Divisions","true"
"NON_-BUSI-006","cmhrr6i4m007hatz0lpuypbvj","Operational Excellence","NON_TECHNICAL","Business Support","The ability to drive a culture of first time right performance and operational excellence by ensuring the work is error-free, continuous improvement of operations and meeting customer expectations. It includes innovating working methods to enhance the quality of experience.","All Divisions","true"
"NON_-BUSI-007","cmhrr6i5j00d6atz0akbl9hlq","Project Management","NON_TECHNICAL","Business Support","Knowledge of the principles, methods, or tools of project management and ability to develop, schedule, coordinate and manage projects and resources. It includes the ability to monitor and inspect costs, work, and contractor performance. In addition, the ability to plan for contingencies and  build them into the project plan.","All Divisions","true"
"NON_-BUSI-008","cmhrr6j7e06cratz0n016nu5v","Risk Management","NON_TECHNICAL","Business Support","It is the understanding of the risks including the skill of identifying and evaluating contractual and financial risks, developing the risk treatment strategy and developing and monitoring the financial and contractual risk controls.","All Divisions","true"
"NON_-BUSI-014","cmhsw5we40009d2e32by8fgth","Risk and Business Impact analysis","NON_TECHNICAL","Business Support","Knowledge of the techniques and methodologies of risk assessment and analysis and the business impact analysis, this includes the ability to identify various risks, how to mitigate them, and being able to  identify risk impact.","All Divisions","true"
"NON_-BUSI-009","cmhrr6il002r4atz0y915hznh","Risk and Control Assessment Techniques","NON_TECHNICAL","Business Support","Knowledge of the methodologies, criteria and scope of risk assessment such as causal linkage, risk selection, risk mapping, gap analysis, benchmarking. It includes the ability to test the controls in terms of data inputs, logical access controls and authorization, exception handling and logging and segregation of duties. Knowledge of the preventive, detective and corrective controls and the ability to test the effectiveness of those controls.","All Divisions","true"
"NON_-BUSI-010","cmhrr6i4e0060atz0j7jmwzvp","Service Delivery","NON_TECHNICAL","Business Support","Discovers the needs of ""Internal"" and ""External"" OA customers and strives to deliver services to meet their needs.","All Divisions","true"
"NON_-BUSI-011","cmhrr6i5c00c5atz0ymfrd7uv","Stakeholder Management(Common)","NON_TECHNICAL","Business Support","Knowledge and understanding of different stakeholders, their needs, priorities and agenda. It includes actively engaging and partnering with them to achieve a common objective.","All Divisions","true"
"NON_-BUSI-012","cmhrr6iya04wvatz0nd7355mb","Store Management","NON_TECHNICAL","Business Support","The ability to manage the inflow, storage, and outflow of materials through the organization's stores, while verifying that inventory present in stores matches system records and investigating any variances.","All Divisions","true"
"NON_-BUSI-013","cmhrr6j3z05tyatz06old4b5f","Tendering","NON_TECHNICAL","Business Support","It is the knowledge and understanding of the tendering lifecycle, working with end users to ensure that the materials/services procured are aligned with business needs and within the available budget. It also includes the ability to finalize the evaluation criteria and negotiate with vendors.","All Divisions","true"
"NON_-INTE-001","cmhrr6i5v00fiatz0r1p44mxu","Agility","NON_TECHNICAL","Interpersonal Skills","Demonstrates positive attitude, resilience and openness to changes in Oman Airports technological, commercial or business environment, processes and structure. It implies adapting one’s approach as the requirements of a situation change, being comfortable in ambiguous situations and working effectively within a variety of situations and with various individuals or groups of diverse backgrounds and experiences.","All Divisions","true"
"NON_-INTE-002","cmhrr6i390000atz0s2ax1wki","Communication","NON_TECHNICAL","Interpersonal Skills","The ability to convey a message using appropriate channels, to both individuals and groups, actively listen to the response and successfully hold their attention to achieve the desired impact. The ability to influence others, build consensus through give and take, gain cooperation from others to obtain information and accomplish objectives.","All Divisions","true"
"NON_-INTE-003","cmhrr6i6900i0atz0ns2ufw36","Emotional Intelligence (EI or EQ)","NON_TECHNICAL","Interpersonal Skills","The ability to monitor one’s own and other’s emotions; discriminate between different emotions and label them appropriately; and use emotional information to guide thinking and behavior.","All Divisions","true"
"NON_-INTE-004","cmhrr6i6k00k2atz0kk9w8yo5","Team work","NON_TECHNICAL","Interpersonal Skills","The ability to effectively work with and support others as
part of a team, both within and across functions, and
building and maintaining positive relationships at all levels
with cultural sensitivity, showing respect & effectively
working with diversity","All Divisions","true"
"NON_-INTE-005","cmhrr6i6d00ixatz0qrtga8yf","Time Management","NON_TECHNICAL","Interpersonal Skills","The skill of managing time effectively by planning, organizing, and controlling the hours spent on different activities.. Good time management enables to work smarter – not harder – and get more done in less time, even when time is tight and pressures are high. Failing to manage your time damages effectiveness and causes stress.","All Divisions","true"
"NON_-LEAD-001","cmhrr6i45004hatz0hx0pdsn5","Leading Change","NON_TECHNICAL","Leadership","Commitment to improving the business, enabling the process of change and transition and leading others to adapt well to change. Knows and uses various change methodologies appropriately at the individual, team and organizational level. Aware of the history of change in OA and is skilled at applying appropriate lessons from past change journey","All Divisions","true"
"NON_-LEAD-002","cmhrr6i5500asatz0qj96mq1t","Leading and Coaching Team","NON_TECHNICAL","Leadership","Drives a high performance culture by empowering team members, effectively delegating work and recognize and appreciate contribution. The ability to understand team members needs and aspirations and an ability to provide constructive feedback to improve their performance at work. It includes acting as a coach and mentor and developing others in realizing their career aspirations.","All Divisions","true"
"NON_-LEAD-003","cmhrr6i5q00ehatz0rpnenakg","Negotiation","NON_TECHNICAL","Leadership","Negotiation is the ability to work towards win-win outcomes. 
is a dialogue between two or more people or parties intended to reach a beneficial outcome over one or more conflict. Negotiation is an interaction and process between entities who aspire to agree on matters of mutual interest, while optimizing their individual utilities.","All Divisions","true"
"NON_-LEAD-004","cmhrr6i3w002yatz0co3ap8ir","Strategic Thinking","NON_TECHNICAL","Leadership","The ability to formulate objectives and priorities, implement plans consistent with the long-term interests of the organization in a global environment and capitalize on opportunities and manage risks. It also includes the ability to structure, analyze and synthesize information in the process of making decisions to ensure that all relevant factors are considered and decision meets desired objectives.","All Divisions","true"

Total: 197 competencies exported
